factor_id,activity_type,variant,activity_year,activity_year_scope,factor_year,factor_value,factor_unit,temporal_type,factor_version,source,source_detail,source_url,is_temporal_fallback,is_geographic_proxy,quality_status,notes,source_workbook,source_sheet
MENU_BEEF,Menú,Vacuno,,Según versión del dataset,,4.723889235,kgCO2e/menú preparado,VERSIONED,AGRIBALYSE 3.2,ADEME AGRIBALYSE,alimentos,https://agribalyse.ademe.fr/,0,0,ALTA,Factor de menú aceptado en proyecto.,Catering_Base_Maestra_y_Contrato_v11_4.xlsx,Factores_Catering
MENU_LAMB,Menú,Cordero,,Según versión del dataset,,5.362013235,kgCO2e/menú preparado,VERSIONED,AGRIBALYSE 3.2,ADEME AGRIBALYSE,alimentos,https://agribalyse.ademe.fr/,0,0,ALTA,Factor de menú aceptado en proyecto.,Catering_Base_Maestra_y_Contrato_v11_4.xlsx,Factores_Catering
MENU_CHICKEN,Menú,Pollo,,Según versión del dataset,,0.948041235,kgCO2e/menú preparado,VERSIONED,AGRIBALYSE 3.2,ADEME AGRIBALYSE,alimentos,https://agribalyse.ademe.fr/,0,0,ALTA,Factor de menú aceptado en proyecto.,Catering_Base_Maestra_y_Contrato_v11_4.xlsx,Factores_Catering
MENU_PORK,Menú,Cerdo,,Según versión del dataset,,1.204021899,kgCO2e/menú preparado,VERSIONED,AGRIBALYSE 3.2,ADEME AGRIBALYSE,alimentos,https://agribalyse.ademe.fr/,0,0,ALTA,Factor de menú aceptado en proyecto.,Catering_Base_Maestra_y_Contrato_v11_4.xlsx,Factores_Catering
MENU_FISH,Menú,Pescado,,Según versión del dataset,,2.213557890,kgCO2e/menú preparado,VERSIONED,AGRIBALYSE 3.2,ADEME AGRIBALYSE,alimentos,https://agribalyse.ademe.fr/,0,0,ALTA,Factor de menú aceptado en proyecto.,Catering_Base_Maestra_y_Contrato_v11_4.xlsx,Factores_Catering
MENU_VEGETARIAN,Menú,Vegetariano,,Según versión del dataset,,0.843336645,kgCO2e/menú preparado,VERSIONED,AGRIBALYSE 3.2,ADEME AGRIBALYSE,alimentos,https://agribalyse.ademe.fr/,0,0,ALTA,Factor de menú aceptado en proyecto.,Catering_Base_Maestra_y_Contrato_v11_4.xlsx,Factores_Catering
MENU_VEGAN,Menú,Vegano,,Según versión del dataset,,0.519728395,kgCO2e/menú preparado,VERSIONED,AGRIBALYSE 3.2,ADEME AGRIBALYSE,alimentos,https://agribalyse.ademe.fr/,0,0,ALTA,Factor de menú aceptado en proyecto.,Catering_Base_Maestra_y_Contrato_v11_4.xlsx,Factores_Catering
TABLEWARE_COMPOSTABLE_MENU_PACK,Menú,Vajilla compostable de un solo uso,,Según versión del dataset,,0.11403,kgCO2e/menú consumido,COMPOSITE,BGMF COMPOSTABLE MENU PACK v1,Bioleader + Renouvo; composición BGMF,vajilla: fabricación; pack estándar,https://www.bioleaderpack.com/sugarcane-bagasse-tableware-sustainability-carbon-data-report/ ; https://renouvo.net/shop/compostable-sugarcane-cutlery/compostable-sugarcane-knife-fork-spoon-napkin-set-individually-wrapped/,0,0,MEDIA-ALTA,Pack interno: plato llano + bol/plato hondo + cuchillo+tenedor+cuchara. No implica que el residuo haya sido compostado.,Catering_Base_Maestra_y_Contrato_v11_4.xlsx,Factores_Catering
TABLEWARE_REUSABLE_MENU_SERVICE,Menú,Vajilla reutilizable,,Según versión del dataset,,0.0218,kgCO2e/menú consumido,PROXY_LCA,Reusable catering service LCA proxy v1,ACV de restauración colectiva / referencia metodológica BGMF,fabricación amortizada + lavado + fin de vida,https://onlinelibrary.wiley.com/doi/full/10.1002/sd.2839,0,0,MEDIA-ALTA,Proxy conservador de servicio reutilizable. Backend preparado para futura regionalización del lavado por país/año.,Catering_Base_Maestra_y_Contrato_v11_4.xlsx,Factores_Catering
