country,iso3,region_residuos
Afganistán,AFG,Fuera de España
Albania,ALB,Fuera de España
Alemania,DEU,Fuera de España
Andorra,AND,Fuera de España
Angola,AGO,Fuera de España
Anguila,AIA,Fuera de España
Antigua y Barbuda,ATG,Fuera de España
Antillas Neerlandesas,ANT,Fuera de España
Antártida,ATA,Fuera de España
Arabia Saudita,SAU,Fuera de España
Argelia,DZA,Fuera de España
Argentina,ARG,Fuera de España
Armenia,ARM,Fuera de España
Aruba,ABW,Fuera de España
Australia,AUS,Fuera de España
Austria,AUT,Fuera de España
Azerbaiyán,AZE,Fuera de España
Bahamas,BHS,Fuera de España
Bangladés,BGD,Fuera de España
Barbados,BRB,Fuera de España
Baréin,BHR,Fuera de España
Belice,BLZ,Fuera de España
Benín,BEN,Fuera de España
Bermudas,BMU,Fuera de España
Bielorrusia,BLR,Fuera de España
Bolivia,BOL,Fuera de España
Bonaire,BES,Fuera de España
Bosnia y Herzegovina,BIH,Fuera de España
Botsuana,BWA,Fuera de España
Brasil,BRA,Fuera de España
Brunéi,BRN,Fuera de España
Bulgaria,BGR,Fuera de España
Burkina Faso,BFA,Fuera de España
Burundi,BDI,Fuera de España
Bután,BTN,Fuera de España
Bélgica,BEL,Fuera de España
Cabo Verde,CPV,Fuera de España
Camboya,KHM,Fuera de España
Camerún,CMR,Fuera de España
Canadá,CAN,Fuera de España
Catar,QAT,Fuera de España
Chad,TCD,Fuera de España
Chequia,CZE,Fuera de España
Chile,CHL,Fuera de España
China,CHN,Fuera de España
Chipre,CYP,Fuera de España
Colombia,COL,Fuera de España
Comoras,COM,Fuera de España
Congo,COG,Fuera de España
Corea del Norte,PRK,Fuera de España
Corea del Sur,KOR,Fuera de España
Costa de Marfil,CIV,Fuera de España
Costa Rica,CRI,Fuera de España
Croacia,HRV,Fuera de España
Cuba,CUB,Fuera de España
Curazao,CUW,Fuera de España
Dinamarca,DNK,Fuera de España
Dominica,DMA,Fuera de España
Ecuador,ECU,Fuera de España
Egipto,EGY,Fuera de España
El Salvador,SLV,Fuera de España
Emiratos Árabes Unidos,ARE,Fuera de España
Eritrea,ERI,Fuera de España
Eslovaquia,SVK,Fuera de España
Eslovenia,SVN,Fuera de España
España,ESP,España
Estados Unidos,USA,Fuera de España
Estonia,EST,Fuera de España
Esuatini,SWZ,Fuera de España
Etiopía,ETH,Fuera de España
Filipinas,PHL,Fuera de España
Finlandia,FIN,Fuera de España
Fiyi,FJI,Fuera de España
Francia,FRA,Fuera de España
Gabón,GAB,Fuera de España
Gambia,GMB,Fuera de España
Georgia,GEO,Fuera de España
Ghana,GHA,Fuera de España
Granada,GRD,Fuera de España
Grecia,GRC,Fuera de España
Guatemala,GTM,Fuera de España
Guinea,GIN,Fuera de España
Guinea Ecuatorial,GNQ,Fuera de España
Guinea-Bisáu,GNB,Fuera de España
Guyana,GUY,Fuera de España
Haití,HTI,Fuera de España
Honduras,HND,Fuera de España
Hungría,HUN,Fuera de España
India,IND,Fuera de España
Indonesia,IDN,Fuera de España
Irak,IRQ,Fuera de España
Irlanda,IRL,Fuera de España
Irán,IRN,Fuera de España
Isla Bouvet,BVT,Fuera de España
Isla de Navidad,CXR,Fuera de España
Isla Norfolk,NFK,Fuera de España
Islandia,ISL,Fuera de España
Islas Caimán,CYM,Fuera de España
Islas Cocos,CCK,Fuera de España
Islas Cook,COK,Fuera de España
Islas Feroe,FRO,Fuera de España
Islas Malvinas,FLK,Fuera de España
Islas Marshall,MHL,Fuera de España
Islas Salomón,SLB,Fuera de España
Islas Åland,ALA,Fuera de España
Israel,ISR,Fuera de España
Italia,ITA,Fuera de España
Jamaica,JAM,Fuera de España
Japón,JPN,Fuera de España
Jordania,JOR,Fuera de España
Kazajistán,KAZ,Fuera de España
Kenia,KEN,Fuera de España
Kirguistán,KGZ,Fuera de España
Kiribati,KIR,Fuera de España
Kosovo,XKX,Fuera de España
Kuwait,KWT,Fuera de España
Laos,LAO,Fuera de España
Lesoto,LSO,Fuera de España
Letonia,LVA,Fuera de España
Liberia,LBR,Fuera de España
Libia,LBY,Fuera de España
Liechtenstein,LIE,Fuera de España
Lituania,LTU,Fuera de España
Luxemburgo,LUX,Fuera de España
Líbano,LBN,Fuera de España
Macedonia del Norte,MKD,Fuera de España
Madagascar,MDG,Fuera de España
Malasia,MYS,Fuera de España
Malaui,MWI,Fuera de España
Maldivas,MDV,Fuera de España
Malta,MLT,Fuera de España
Malí,MLI,Fuera de España
Marruecos,MAR,Fuera de España
Mauricio,MUS,Fuera de España
Mauritania,MRT,Fuera de España
Mayotte,MYT,Fuera de España
Micronesia,FSM,Fuera de España
Moldavia,MDA,Fuera de España
Mongolia,MNG,Fuera de España
Montenegro,MNE,Fuera de España
Montserrat,MSR,Fuera de España
Mozambique,MOZ,Fuera de España
Myanmar,MMR,Fuera de España
México,MEX,Fuera de España
Mónaco,MCO,Fuera de España
Namibia,NAM,Fuera de España
Nauru,NRU,Fuera de España
Nepal,NPL,Fuera de España
Nicaragua,NIC,Fuera de España
Nigeria,NGA,Fuera de España
Niue,NIU,Fuera de España
Noruega,NOR,Fuera de España
Nueva Caledonia,NCL,Fuera de España
Nueva Zelanda,NZL,Fuera de España
Níger,NER,Fuera de España
Omán,OMN,Fuera de España
Pakistán,PAK,Fuera de España
Palaos,PLW,Fuera de España
Palestina,PSE,Fuera de España
Panamá,PAN,Fuera de España
Papúa Nueva Guinea,PNG,Fuera de España
Paraguay,PRY,Fuera de España
Países Bajos,NLD,Fuera de España
Perú,PER,Fuera de España
Polonia,POL,Fuera de España
Portugal,PRT,Fuera de España
Puerto Rico,PRI,Fuera de España
Reino Unido,GBR,Fuera de España
República Centroafricana,CAF,Fuera de España
República Democrática del Congo,COD,Fuera de España
República Dominicana,DOM,Fuera de España
Ruanda,RWA,Fuera de España
Rumania,ROU,Fuera de España
Rusia,RUS,Fuera de España
Samoa,WSM,Fuera de España
San Cristóbal y Nieves,KNA,Fuera de España
San Marino,SMR,Fuera de España
San Vicente y las Granadinas,VCT,Fuera de España
Santa Lucía,LCA,Fuera de España
Santo Tomé y Príncipe,STP,Fuera de España
Senegal,SEN,Fuera de España
Serbia,SRB,Fuera de España
Seychelles,SYC,Fuera de España
Sierra Leona,SLE,Fuera de España
Singapur,SGP,Fuera de España
Siria,SYR,Fuera de España
Somalia,SOM,Fuera de España
Sri Lanka,LKA,Fuera de España
Sudáfrica,ZAF,Fuera de España
Sudán,SDN,Fuera de España
Sudán del Sur,SSD,Fuera de España
Suecia,SWE,Fuera de España
Suiza,CHE,Fuera de España
Surinam,SUR,Fuera de España
Tailandia,THA,Fuera de España
Taiwán (República de China),TWN,Fuera de España
Tanzania,TZA,Fuera de España
Tayikistán,TJK,Fuera de España
Timor Oriental,TLS,Fuera de España
Togo,TGO,Fuera de España
Tonga,TON,Fuera de España
Trinidad y Tobago,TTO,Fuera de España
Turkmenistán,TKM,Fuera de España
Turquía,TUR,Fuera de España
Tuvalu,TUV,Fuera de España
Túnez,TUN,Fuera de España
Ucrania,UKR,Fuera de España
Uganda,UGA,Fuera de España
Uruguay,URY,Fuera de España
Uzbekistán,UZB,Fuera de España
Vanuatu,VUT,Fuera de España
Venezuela,VEN,Fuera de España
Vietnam,VNM,Fuera de España
Yemen,YEM,Fuera de España
Yibuti,DJI,Fuera de España
Zambia,ZMB,Fuera de España
Zimbabue,ZWE,Fuera de España
