activity,subproduct,origin,unit,factor_value,factor_year,factor_unit,source_file,source_sheet,factor_basis,is_temporal_fallback,fallback_reason,temporal_type,factor_version,source_row
Cartón,,Reutilizado,kg,0,,kgCO2e/kg,"CATEGORÍA MATERIALES Y PRODUCTOS_CARTÓN_REGISTRO PARA CÁLCULO_TABLAS_FACTORES DE EMISIÓN.xlsx","CARTÓN_REGISTRO PARA CÁLCULOS","Regla explícita: reutilizado = 0 de cuna a puerta",FALSE,"Regla metodológica no anual",RULE,,781
Papel,,Reutilizado,kg,0,,kgCO2e/kg,"CATEGORÍA MATERIALES Y PRODUCTOS_PAPEL_REGISTRO PARA CÁLCULO_TABLAS_FACTORES DE EMISIÓN.xlsx","PAPEL_REGISTRO PARA CÁLCULOS","Regla explícita: reutilizado = 0 de cuna a puerta",FALSE,"Regla metodológica no anual",RULE,,786
"Metal para estructuras (perfiles, rieles)",,Reutilizado,kg,0,,kgCO2e/kg,"CATEGORÍA MATERIALES Y PRODUCTOS_METAL PARA ESTRUCTURAS_REGISTRO PARA CÁLCULO_TABLAS_FACTORES DE EMISIÓN.xlsx","METAL_REGISTRO PARA CÁLCULOS","Regla explícita: reutilizado = 0",FALSE,"Regla metodológica no anual",RULE,,791
"Placas de yeso",,Reutilizado,kg,0,,kgCO2e/kg,"CATEGORÍA MATERIALES Y PRODUCTOS_PLACAS DE YESO_REGISTRO PARA CÁLCULO_TABLAS_FACTORES DE EMISIÓN.xlsx","PLACA YESO_REGIST PARA CÁLCULOS","Regla explícita: reutilizado = 0",FALSE,"Regla metodológica no anual",RULE,,796
"Fibras textiles",Seda,Reutilizado,kg,0,,kgCO2e/kg,"FE_ CATEGORÍA MATERIALES Y PRODUCTOS_FIBRAS TEXTILES_REGISTRO PARA CÁLCULO_FACTORES DE EMISIÓN.xlsx","FIBRAS TEXTIL_REG PARA CÁLCULOS","Regla explícita: reutilizado = 0 de cuna a puerta",FALSE,"Regla metodológica no anual",RULE,,801
"Fibras textiles","Lana alpaca",Reutilizado,kg,0,,kgCO2e/kg,"FE_ CATEGORÍA MATERIALES Y PRODUCTOS_FIBRAS TEXTILES_REGISTRO PARA CÁLCULO_FACTORES DE EMISIÓN.xlsx","FIBRAS TEXTIL_REG PARA CÁLCULOS","Regla explícita: reutilizado = 0 de cuna a puerta",FALSE,"Regla metodológica no anual",RULE,,806
"Fibras textiles","Lana cachemir",Reutilizado,kg,0,,kgCO2e/kg,"FE_ CATEGORÍA MATERIALES Y PRODUCTOS_FIBRAS TEXTILES_REGISTRO PARA CÁLCULO_FACTORES DE EMISIÓN.xlsx","FIBRAS TEXTIL_REG PARA CÁLCULOS","Regla explícita: reutilizado = 0 de cuna a puerta",FALSE,"Regla metodológica no anual",RULE,,811
"Fibras textiles","Lana mohair",Reutilizado,kg,0,,kgCO2e/kg,"FE_ CATEGORÍA MATERIALES Y PRODUCTOS_FIBRAS TEXTILES_REGISTRO PARA CÁLCULO_FACTORES DE EMISIÓN.xlsx","FIBRAS TEXTIL_REG PARA CÁLCULOS","Regla explícita: reutilizado = 0 de cuna a puerta",FALSE,"Regla metodológica no anual",RULE,,816
"Fibras textiles","Lana oveja",Reutilizado,kg,0,,kgCO2e/kg,"FE_ CATEGORÍA MATERIALES Y PRODUCTOS_FIBRAS TEXTILES_REGISTRO PARA CÁLCULO_FACTORES DE EMISIÓN.xlsx","FIBRAS TEXTIL_REG PARA CÁLCULOS","Regla explícita: reutilizado = 0 de cuna a puerta",FALSE,"Regla metodológica no anual",RULE,,821
"Fibras textiles","Cuero oveja",Reutilizado,kg,0,,kgCO2e/kg,"FE_ CATEGORÍA MATERIALES Y PRODUCTOS_FIBRAS TEXTILES_REGISTRO PARA CÁLCULO_FACTORES DE EMISIÓN.xlsx","FIBRAS TEXTIL_REG PARA CÁLCULOS","Regla explícita: reutilizado = 0 de cuna a puerta",FALSE,"Regla metodológica no anual",RULE,,826
"Fibras textiles","Cuero vaca",Reutilizado,kg,0,,kgCO2e/kg,"FE_ CATEGORÍA MATERIALES Y PRODUCTOS_FIBRAS TEXTILES_REGISTRO PARA CÁLCULO_FACTORES DE EMISIÓN.xlsx","FIBRAS TEXTIL_REG PARA CÁLCULOS","Regla explícita: reutilizado = 0 de cuna a puerta",FALSE,"Regla metodológica no anual",RULE,,831
"Fibras textiles","Cuero vaca ternero",Reutilizado,kg,0,,kgCO2e/kg,"FE_ CATEGORÍA MATERIALES Y PRODUCTOS_FIBRAS TEXTILES_REGISTRO PARA CÁLCULO_FACTORES DE EMISIÓN.xlsx","FIBRAS TEXTIL_REG PARA CÁLCULOS","Regla explícita: reutilizado = 0 de cuna a puerta",FALSE,"Regla metodológica no anual",RULE,,836
"Fibras textiles","Perlas cultivadas con ostras",Reutilizado,kg,0,,kgCO2e/kg,"FE_ CATEGORÍA MATERIALES Y PRODUCTOS_FIBRAS TEXTILES_REGISTRO PARA CÁLCULO_FACTORES DE EMISIÓN.xlsx","FIBRAS TEXTIL_REG PARA CÁLCULOS","Regla explícita: reutilizado = 0 de cuna a puerta",FALSE,"Regla metodológica no anual",RULE,,841
"Fibras textiles","Hierba de elefante",Reutilizado,kg,0,,kgCO2e/kg,"FE_ CATEGORÍA MATERIALES Y PRODUCTOS_FIBRAS TEXTILES_REGISTRO PARA CÁLCULO_FACTORES DE EMISIÓN.xlsx","FIBRAS TEXTIL_REG PARA CÁLCULOS","Regla explícita: reutilizado = 0 de cuna a puerta",FALSE,"Regla metodológica no anual",RULE,,846
"Fibras textiles","Plumón pato",Reutilizado,kg,0,,kgCO2e/kg,"FE_ CATEGORÍA MATERIALES Y PRODUCTOS_FIBRAS TEXTILES_REGISTRO PARA CÁLCULO_FACTORES DE EMISIÓN.xlsx","FIBRAS TEXTIL_REG PARA CÁLCULOS","Regla explícita: reutilizado = 0 de cuna a puerta",FALSE,"Regla metodológica no anual",RULE,,851
"Fibras textiles","Plumón de ganso",Reutilizado,kg,0,,kgCO2e/kg,"FE_ CATEGORÍA MATERIALES Y PRODUCTOS_FIBRAS TEXTILES_REGISTRO PARA CÁLCULO_FACTORES DE EMISIÓN.xlsx","FIBRAS TEXTIL_REG PARA CÁLCULOS","Regla explícita: reutilizado = 0 de cuna a puerta",FALSE,"Regla metodológica no anual",RULE,,856
"Fibras textiles","Resina poliuretano",Reutilizado,kg,0,,kgCO2e/kg,"FE_ CATEGORÍA MATERIALES Y PRODUCTOS_FIBRAS TEXTILES_REGISTRO PARA CÁLCULO_FACTORES DE EMISIÓN.xlsx","FIBRAS TEXTIL_REG PARA CÁLCULOS","Regla explícita: reutilizado = 0 de cuna a puerta",FALSE,"Regla metodológica no anual",RULE,,861
"Fibras textiles",Bambú,Reutilizado,kg,0,,kgCO2e/kg,"FE_ CATEGORÍA MATERIALES Y PRODUCTOS_FIBRAS TEXTILES_REGISTRO PARA CÁLCULO_FACTORES DE EMISIÓN.xlsx","FIBRAS TEXTIL_REG PARA CÁLCULOS","Regla explícita: reutilizado = 0 de cuna a puerta",FALSE,"Regla metodológica no anual",RULE,,866
"Fibras textiles","Madera de bambú",Reutilizado,kg,0,,kgCO2e/kg,"FE_ CATEGORÍA MATERIALES Y PRODUCTOS_FIBRAS TEXTILES_REGISTRO PARA CÁLCULO_FACTORES DE EMISIÓN.xlsx","FIBRAS TEXTIL_REG PARA CÁLCULOS","Regla explícita: reutilizado = 0 de cuna a puerta",FALSE,"Regla metodológica no anual",RULE,,871
"Fibras textiles",Algodón,Reutilizado,kg,0,,kgCO2e/kg,"FE_ CATEGORÍA MATERIALES Y PRODUCTOS_FIBRAS TEXTILES_REGISTRO PARA CÁLCULO_FACTORES DE EMISIÓN.xlsx","FIBRAS TEXTIL_REG PARA CÁLCULOS","Regla explícita: reutilizado = 0 de cuna a puerta",FALSE,"Regla metodológica no anual",RULE,,876
"Fibras textiles",Cáñamo,Reutilizado,kg,0,,kgCO2e/kg,"FE_ CATEGORÍA MATERIALES Y PRODUCTOS_FIBRAS TEXTILES_REGISTRO PARA CÁLCULO_FACTORES DE EMISIÓN.xlsx","FIBRAS TEXTIL_REG PARA CÁLCULOS","Regla explícita: reutilizado = 0 de cuna a puerta",FALSE,"Regla metodológica no anual",RULE,,881
"Fibras textiles",Yute,Reutilizado,kg,0,,kgCO2e/kg,"FE_ CATEGORÍA MATERIALES Y PRODUCTOS_FIBRAS TEXTILES_REGISTRO PARA CÁLCULO_FACTORES DE EMISIÓN.xlsx","FIBRAS TEXTIL_REG PARA CÁLCULOS","Regla explícita: reutilizado = 0 de cuna a puerta",FALSE,"Regla metodológica no anual",RULE,,886
"Fibras textiles",Lino,Reutilizado,kg,0,,kgCO2e/kg,"FE_ CATEGORÍA MATERIALES Y PRODUCTOS_FIBRAS TEXTILES_REGISTRO PARA CÁLCULO_FACTORES DE EMISIÓN.xlsx","FIBRAS TEXTIL_REG PARA CÁLCULOS","Regla explícita: reutilizado = 0 de cuna a puerta",FALSE,"Regla metodológica no anual",RULE,,891
"Fibras textiles","Polibutileno tereftalato (PBT)",Reutilizado,kg,0,,kgCO2e/kg,"FE_ CATEGORÍA MATERIALES Y PRODUCTOS_FIBRAS TEXTILES_REGISTRO PARA CÁLCULO_FACTORES DE EMISIÓN.xlsx","FIBRAS TEXTIL_REG PARA CÁLCULOS","Regla explícita: reutilizado = 0 de cuna a puerta",FALSE,"Regla metodológica no anual",RULE,,896
"Fibras textiles","Teraftalato de Polietileno (PET)",Reutilizado,kg,0,,kgCO2e/kg,"FE_ CATEGORÍA MATERIALES Y PRODUCTOS_FIBRAS TEXTILES_REGISTRO PARA CÁLCULO_FACTORES DE EMISIÓN.xlsx","FIBRAS TEXTIL_REG PARA CÁLCULOS","Regla explícita: reutilizado = 0 de cuna a puerta",FALSE,"Regla metodológica no anual",RULE,,901
"Fibras textiles","Polietileno (PE)",Reutilizado,kg,0,,kgCO2e/kg,"FE_ CATEGORÍA MATERIALES Y PRODUCTOS_FIBRAS TEXTILES_REGISTRO PARA CÁLCULO_FACTORES DE EMISIÓN.xlsx","FIBRAS TEXTIL_REG PARA CÁLCULOS","Regla explícita: reutilizado = 0 de cuna a puerta",FALSE,"Regla metodológica no anual",RULE,,906
"Fibras textiles",Poliacrilamida,Reutilizado,kg,0,,kgCO2e/kg,"FE_ CATEGORÍA MATERIALES Y PRODUCTOS_FIBRAS TEXTILES_REGISTRO PARA CÁLCULO_FACTORES DE EMISIÓN.xlsx","FIBRAS TEXTIL_REG PARA CÁLCULOS","Regla explícita: reutilizado = 0 de cuna a puerta",FALSE,"Regla metodológica no anual",RULE,,911
"Fibras textiles","Policarbonato (PC)",Reutilizado,kg,0,,kgCO2e/kg,"FE_ CATEGORÍA MATERIALES Y PRODUCTOS_FIBRAS TEXTILES_REGISTRO PARA CÁLCULO_FACTORES DE EMISIÓN.xlsx","FIBRAS TEXTIL_REG PARA CÁLCULOS","Regla explícita: reutilizado = 0 de cuna a puerta",FALSE,"Regla metodológica no anual",RULE,,916
"Fibras textiles","Polioximetileno (POM)",Reutilizado,kg,0,,kgCO2e/kg,"FE_ CATEGORÍA MATERIALES Y PRODUCTOS_FIBRAS TEXTILES_REGISTRO PARA CÁLCULO_FACTORES DE EMISIÓN.xlsx","FIBRAS TEXTIL_REG PARA CÁLCULOS","Regla explícita: reutilizado = 0 de cuna a puerta",FALSE,"Regla metodológica no anual",RULE,,921
"Fibras textiles","Polipropileno (PP)",Reutilizado,kg,0,,kgCO2e/kg,"FE_ CATEGORÍA MATERIALES Y PRODUCTOS_FIBRAS TEXTILES_REGISTRO PARA CÁLCULO_FACTORES DE EMISIÓN.xlsx","FIBRAS TEXTIL_REG PARA CÁLCULOS","Regla explícita: reutilizado = 0 de cuna a puerta",FALSE,"Regla metodológica no anual",RULE,,926
"Fibras textiles","Poliestireno (PES)",Reutilizado,kg,0,,kgCO2e/kg,"FE_ CATEGORÍA MATERIALES Y PRODUCTOS_FIBRAS TEXTILES_REGISTRO PARA CÁLCULO_FACTORES DE EMISIÓN.xlsx","FIBRAS TEXTIL_REG PARA CÁLCULOS","Regla explícita: reutilizado = 0 de cuna a puerta",FALSE,"Regla metodológica no anual",RULE,,931
"Fibras textiles","Politetrafluoroetileno (PTFE)",Reutilizado,kg,0,,kgCO2e/kg,"FE_ CATEGORÍA MATERIALES Y PRODUCTOS_FIBRAS TEXTILES_REGISTRO PARA CÁLCULO_FACTORES DE EMISIÓN.xlsx","FIBRAS TEXTIL_REG PARA CÁLCULOS","Regla explícita: reutilizado = 0 de cuna a puerta",FALSE,"Regla metodológica no anual",RULE,,936
"Fibras textiles","Poliuretano (PU)",Reutilizado,kg,0,,kgCO2e/kg,"FE_ CATEGORÍA MATERIALES Y PRODUCTOS_FIBRAS TEXTILES_REGISTRO PARA CÁLCULO_FACTORES DE EMISIÓN.xlsx","FIBRAS TEXTIL_REG PARA CÁLCULOS","Regla explícita: reutilizado = 0 de cuna a puerta",FALSE,"Regla metodológica no anual",RULE,,941
"Fibras textiles","Poliuretano termoplástico (PU)",Reutilizado,kg,0,,kgCO2e/kg,"FE_ CATEGORÍA MATERIALES Y PRODUCTOS_FIBRAS TEXTILES_REGISTRO PARA CÁLCULO_FACTORES DE EMISIÓN.xlsx","FIBRAS TEXTIL_REG PARA CÁLCULOS","Regla explícita: reutilizado = 0 de cuna a puerta",FALSE,"Regla metodológica no anual",RULE,,946
"Fibras textiles","Coloruro de polivinilo (PVC)",Reutilizado,kg,0,,kgCO2e/kg,"FE_ CATEGORÍA MATERIALES Y PRODUCTOS_FIBRAS TEXTILES_REGISTRO PARA CÁLCULO_FACTORES DE EMISIÓN.xlsx","FIBRAS TEXTIL_REG PARA CÁLCULOS","Regla explícita: reutilizado = 0 de cuna a puerta",FALSE,"Regla metodológica no anual",RULE,,951
"Fibras textiles","Carbono de silicio",Reutilizado,kg,0,,kgCO2e/kg,"FE_ CATEGORÍA MATERIALES Y PRODUCTOS_FIBRAS TEXTILES_REGISTRO PARA CÁLCULO_FACTORES DE EMISIÓN.xlsx","FIBRAS TEXTIL_REG PARA CÁLCULOS","Regla explícita: reutilizado = 0 de cuna a puerta",FALSE,"Regla metodológica no anual",RULE,,956
"Fibras textiles","Caucho natural",Reutilizado,kg,0,,kgCO2e/kg,"FE_ CATEGORÍA MATERIALES Y PRODUCTOS_FIBRAS TEXTILES_REGISTRO PARA CÁLCULO_FACTORES DE EMISIÓN.xlsx","FIBRAS TEXTIL_REG PARA CÁLCULOS","Regla explícita: reutilizado = 0 de cuna a puerta",FALSE,"Regla metodológica no anual",RULE,,961
"Fibras textiles",Acetal,Reutilizado,kg,0,,kgCO2e/kg,"FE_ CATEGORÍA MATERIALES Y PRODUCTOS_FIBRAS TEXTILES_REGISTRO PARA CÁLCULO_FACTORES DE EMISIÓN.xlsx","FIBRAS TEXTIL_REG PARA CÁLCULOS","Regla explícita: reutilizado = 0 de cuna a puerta",FALSE,"Regla metodológica no anual",RULE,,966
"Fibras textiles","Caucho sintético ABS",Reutilizado,kg,0,,kgCO2e/kg,"FE_ CATEGORÍA MATERIALES Y PRODUCTOS_FIBRAS TEXTILES_REGISTRO PARA CÁLCULO_FACTORES DE EMISIÓN.xlsx","FIBRAS TEXTIL_REG PARA CÁLCULOS","Regla explícita: reutilizado = 0 de cuna a puerta",FALSE,"Regla metodológica no anual",RULE,,971
"Fibras textiles","Caucho sintético neopreno",Reutilizado,kg,0,,kgCO2e/kg,"FE_ CATEGORÍA MATERIALES Y PRODUCTOS_FIBRAS TEXTILES_REGISTRO PARA CÁLCULO_FACTORES DE EMISIÓN.xlsx","FIBRAS TEXTIL_REG PARA CÁLCULOS","Regla explícita: reutilizado = 0 de cuna a puerta",FALSE,"Regla metodológica no anual",RULE,,976
"Fibras textiles","Caucho sintético SBR",Reutilizado,kg,0,,kgCO2e/kg,"FE_ CATEGORÍA MATERIALES Y PRODUCTOS_FIBRAS TEXTILES_REGISTRO PARA CÁLCULO_FACTORES DE EMISIÓN.xlsx","FIBRAS TEXTIL_REG PARA CÁLCULOS","Regla explícita: reutilizado = 0 de cuna a puerta",FALSE,"Regla metodológica no anual",RULE,,981
"Fibras textiles","Caucho sintético TPR",Reutilizado,kg,0,,kgCO2e/kg,"FE_ CATEGORÍA MATERIALES Y PRODUCTOS_FIBRAS TEXTILES_REGISTRO PARA CÁLCULO_FACTORES DE EMISIÓN.xlsx","FIBRAS TEXTIL_REG PARA CÁLCULOS","Regla explícita: reutilizado = 0 de cuna a puerta",FALSE,"Regla metodológica no anual",RULE,,986
"Fibras textiles",Acrílico,Reutilizado,kg,0,,kgCO2e/kg,"FE_ CATEGORÍA MATERIALES Y PRODUCTOS_FIBRAS TEXTILES_REGISTRO PARA CÁLCULO_FACTORES DE EMISIÓN.xlsx","FIBRAS TEXTIL_REG PARA CÁLCULOS","Regla explícita: reutilizado = 0 de cuna a puerta",FALSE,"Regla metodológica no anual",RULE,,991
"Fibras textiles",Aramida,Reutilizado,kg,0,,kgCO2e/kg,"FE_ CATEGORÍA MATERIALES Y PRODUCTOS_FIBRAS TEXTILES_REGISTRO PARA CÁLCULO_FACTORES DE EMISIÓN.xlsx","FIBRAS TEXTIL_REG PARA CÁLCULOS","Regla explícita: reutilizado = 0 de cuna a puerta",FALSE,"Regla metodológica no anual",RULE,,996
"Fibras textiles","Elastano, licra o Spandex",Reutilizado,kg,0,,kgCO2e/kg,"FE_ CATEGORÍA MATERIALES Y PRODUCTOS_FIBRAS TEXTILES_REGISTRO PARA CÁLCULO_FACTORES DE EMISIÓN.xlsx","FIBRAS TEXTIL_REG PARA CÁLCULOS","Regla explícita: reutilizado = 0 de cuna a puerta",FALSE,"Regla metodológica no anual",RULE,,1001
"Fibras textiles",Vidrio,Reutilizado,kg,0,,kgCO2e/kg,"FE_ CATEGORÍA MATERIALES Y PRODUCTOS_FIBRAS TEXTILES_REGISTRO PARA CÁLCULO_FACTORES DE EMISIÓN.xlsx","FIBRAS TEXTIL_REG PARA CÁLCULOS","Regla explícita: reutilizado = 0 de cuna a puerta",FALSE,"Regla metodológica no anual",RULE,,1006
"Fibras textiles","Nylon Poliamida 6",Reutilizado,kg,0,,kgCO2e/kg,"FE_ CATEGORÍA MATERIALES Y PRODUCTOS_FIBRAS TEXTILES_REGISTRO PARA CÁLCULO_FACTORES DE EMISIÓN.xlsx","FIBRAS TEXTIL_REG PARA CÁLCULOS","Regla explícita: reutilizado = 0 de cuna a puerta",FALSE,"Regla metodológica no anual",RULE,,1011
"Fibras textiles","Nylon Poliamida 66",Reutilizado,kg,0,,kgCO2e/kg,"FE_ CATEGORÍA MATERIALES Y PRODUCTOS_FIBRAS TEXTILES_REGISTRO PARA CÁLCULO_FACTORES DE EMISIÓN.xlsx","FIBRAS TEXTIL_REG PARA CÁLCULOS","Regla explícita: reutilizado = 0 de cuna a puerta",FALSE,"Regla metodológica no anual",RULE,,1016
"Fibras textiles","Nylon Poliamida 12",Reutilizado,kg,0,,kgCO2e/kg,"FE_ CATEGORÍA MATERIALES Y PRODUCTOS_FIBRAS TEXTILES_REGISTRO PARA CÁLCULO_FACTORES DE EMISIÓN.xlsx","FIBRAS TEXTIL_REG PARA CÁLCULOS","Regla explícita: reutilizado = 0 de cuna a puerta",FALSE,"Regla metodológica no anual",RULE,,1021
"Fibras textiles","Conchas marinas",Reutilizado,kg,0,,kgCO2e/kg,"FE_ CATEGORÍA MATERIALES Y PRODUCTOS_FIBRAS TEXTILES_REGISTRO PARA CÁLCULO_FACTORES DE EMISIÓN.xlsx","FIBRAS TEXTIL_REG PARA CÁLCULOS","Regla explícita: reutilizado = 0 de cuna a puerta",FALSE,"Regla metodológica no anual",RULE,,1026
"Fibras textiles",Corcho,Reutilizado,kg,0,,kgCO2e/kg,"FE_ CATEGORÍA MATERIALES Y PRODUCTOS_FIBRAS TEXTILES_REGISTRO PARA CÁLCULO_FACTORES DE EMISIÓN.xlsx","FIBRAS TEXTIL_REG PARA CÁLCULOS","Regla explícita: reutilizado = 0 de cuna a puerta",FALSE,"Regla metodológica no anual",RULE,,1031
"Loneta, loneta",Acrílica,Reutilizado,kg,0,,kgCO2e/kg,"FE_ CATEGORÍA MATERIALES Y PRODUCTOS_LONA LONETA_REGISTRO PARA CÁLCULO_FACTORES DE EMISIÓN.xlsx","LONA O LONETA_REG PARA CÁLCULOS","Regla explícita: reutilizado = 0 de cuna a puerta",FALSE,"Regla metodológica no anual",RULE,,1036
"Loneta, loneta",Algodón,Reutilizado,kg,0,,kgCO2e/kg,"FE_ CATEGORÍA MATERIALES Y PRODUCTOS_LONA LONETA_REGISTRO PARA CÁLCULO_FACTORES DE EMISIÓN.xlsx","LONA O LONETA_REG PARA CÁLCULOS","Regla explícita: reutilizado = 0 de cuna a puerta",FALSE,"Regla metodológica no anual",RULE,,1041
"Loneta, loneta",PVC,Reutilizado,kg,0,,kgCO2e/kg,"FE_ CATEGORÍA MATERIALES Y PRODUCTOS_LONA LONETA_REGISTRO PARA CÁLCULO_FACTORES DE EMISIÓN.xlsx","LONA O LONETA_REG PARA CÁLCULOS","Regla explícita: reutilizado = 0 de cuna a puerta",FALSE,"Regla metodológica no anual",RULE,,1046
"Loneta, loneta","Polietileno (PE)",Reutilizado,kg,0,,kgCO2e/kg,"FE_ CATEGORÍA MATERIALES Y PRODUCTOS_LONA LONETA_REGISTRO PARA CÁLCULO_FACTORES DE EMISIÓN.xlsx","LONA O LONETA_REG PARA CÁLCULOS","Regla explícita: reutilizado = 0 de cuna a puerta",FALSE,"Regla metodológica no anual",RULE,,1051
"Loneta, loneta","Polipropileno (PP)",Reutilizado,kg,0,,kgCO2e/kg,"FE_ CATEGORÍA MATERIALES Y PRODUCTOS_LONA LONETA_REGISTRO PARA CÁLCULO_FACTORES DE EMISIÓN.xlsx","LONA O LONETA_REG PARA CÁLCULOS","Regla explícita: reutilizado = 0 de cuna a puerta",FALSE,"Regla metodológica no anual",RULE,,1056
"Loneta, loneta","Poliéster (PET)",Reutilizado,kg,0,,kgCO2e/kg,"FE_ CATEGORÍA MATERIALES Y PRODUCTOS_LONA LONETA_REGISTRO PARA CÁLCULO_FACTORES DE EMISIÓN.xlsx","LONA O LONETA_REG PARA CÁLCULOS","Regla explícita: reutilizado = 0 de cuna a puerta",FALSE,"Regla metodológica no anual",RULE,,1061
Moqueta,Estándar,Reutilizado,m²,0,,kgCO2e/m²,"FE_ CATEGORÍA MATERIALES Y PRODUCTOS_MOQUETA_REGISTRO PARA CÁLCULO_FACTORES DE EMISIÓN.xlsx","MOQUETA_REG PARA CÁLCULOS","Regla explícita: reutilizado = 0 de cuna a puerta",FALSE,"Regla metodológica no anual",RULE,,1066
Moqueta,Sostenible,Reutilizado,m²,0,,kgCO2e/m²,"FE_ CATEGORÍA MATERIALES Y PRODUCTOS_MOQUETA_REGISTRO PARA CÁLCULO_FACTORES DE EMISIÓN.xlsx","MOQUETA_REG PARA CÁLCULOS","Regla explícita: reutilizado = 0 de cuna a puerta",FALSE,"Regla metodológica no anual",RULE,,1071
Barniz,"Barniz con base al agua",Reutilizado,kg,0,,kgCO2e/kg,"FE_ CATEGORÍA MATERIALES Y PRODUCTOS_PRODUCTOS_BARNIZ BASE AL AGUA_REGISTRO PARA CÁLCULO_VALORES PREDET_FACTORES DE EMISIÓN.xlsx","BARNIZ AL AGUA_REG PARA CALC","Regla explícita: reutilizado = 0",FALSE,"Regla metodológica no anual",RULE,,1076
Pintura,"Pintura con base al agua",Reutilizado,kg,0,,kgCO2e/kg,"FE_ CATEGORÍA MATERIALES Y PRODUCTOS_PRODUCTOS_PINTURA BASE AL AGUA_REGISTRO PARA CÁLCULO_VALORES PREDET_FACTORES DE EMISIÓN.xlsx","PINTURA_REG PARA CÁLCULOS","Regla explícita: reutilizado = 0",FALSE,"Regla metodológica no anual",RULE,,1081
Disolvente,"Aguarrás mineral",Reutilizado,l,0,,kgCO2e/l,"FE_ CATEGORÍA MATERIALES Y PRODUCTOS_PRODUCTOS_DISOLVENTE AGUARRÁS_REGISTRO PARA CÁLCULO_FACTORES DE EMISIÓN.xlsx","DISOLV AGUARR_REG PARA CÁLCULOS","Regla explícita: reutilizado = 0",FALSE,"Regla metodológica no anual",RULE,,1086
"Ropa y accesorios","Top tirantes","Comprado de segunda mano",ud,0,,kgCO2e/ud,"FE_ CATEGORÍA MATERIALES Y PRODUCTOS_ROPA Y ACCESORIOS_REGISTRO PARA CÁLCULO_FACTORES DE EMISIÓN.xlsx","ROPA Y ACCESO_REG PARA CÁLCULOS","Regla explícita: segunda mano = 0",FALSE,"Regla metodológica no anual",RULE,,1091
"Ropa y accesorios","Top tirantes",Alquilado,ud,0,,kgCO2e/ud,"FE_ CATEGORÍA MATERIALES Y PRODUCTOS_ROPA Y ACCESORIOS_REGISTRO PARA CÁLCULO_FACTORES DE EMISIÓN.xlsx","ROPA Y ACCESO_REG PARA CÁLCULOS","Regla explícita: alquilado = 0",FALSE,"Regla metodológica no anual",RULE,,1096
"Ropa y accesorios",Corsé,"Comprado de segunda mano",ud,0,,kgCO2e/ud,"FE_ CATEGORÍA MATERIALES Y PRODUCTOS_ROPA Y ACCESORIOS_REGISTRO PARA CÁLCULO_FACTORES DE EMISIÓN.xlsx","ROPA Y ACCESO_REG PARA CÁLCULOS","Regla explícita: segunda mano = 0",FALSE,"Regla metodológica no anual",RULE,,1106
"Ropa y accesorios",Corsé,Alquilado,ud,0,,kgCO2e/ud,"FE_ CATEGORÍA MATERIALES Y PRODUCTOS_ROPA Y ACCESORIOS_REGISTRO PARA CÁLCULO_FACTORES DE EMISIÓN.xlsx","ROPA Y ACCESO_REG PARA CÁLCULOS","Regla explícita: alquilado = 0",FALSE,"Regla metodológica no anual",RULE,,1111
"Ropa y accesorios","Camiseta tirantes, sin mangas","Comprado de segunda mano",ud,0,,kgCO2e/ud,"FE_ CATEGORÍA MATERIALES Y PRODUCTOS_ROPA Y ACCESORIOS_REGISTRO PARA CÁLCULO_FACTORES DE EMISIÓN.xlsx","ROPA Y ACCESO_REG PARA CÁLCULOS","Regla explícita: segunda mano = 0",FALSE,"Regla metodológica no anual",RULE,,1121
"Ropa y accesorios","Camiseta tirantes, sin mangas",Alquilado,ud,0,,kgCO2e/ud,"FE_ CATEGORÍA MATERIALES Y PRODUCTOS_ROPA Y ACCESORIOS_REGISTRO PARA CÁLCULO_FACTORES DE EMISIÓN.xlsx","ROPA Y ACCESO_REG PARA CÁLCULOS","Regla explícita: alquilado = 0",FALSE,"Regla metodológica no anual",RULE,,1126
"Ropa y accesorios","Camiseta manga corta","Comprado de segunda mano",ud,0,,kgCO2e/ud,"FE_ CATEGORÍA MATERIALES Y PRODUCTOS_ROPA Y ACCESORIOS_REGISTRO PARA CÁLCULO_FACTORES DE EMISIÓN.xlsx","ROPA Y ACCESO_REG PARA CÁLCULOS","Regla explícita: segunda mano = 0",FALSE,"Regla metodológica no anual",RULE,,1136
"Ropa y accesorios","Camiseta manga corta",Alquilado,ud,0,,kgCO2e/ud,"FE_ CATEGORÍA MATERIALES Y PRODUCTOS_ROPA Y ACCESORIOS_REGISTRO PARA CÁLCULO_FACTORES DE EMISIÓN.xlsx","ROPA Y ACCESO_REG PARA CÁLCULOS","Regla explícita: alquilado = 0",FALSE,"Regla metodológica no anual",RULE,,1141
"Ropa y accesorios","Camiseta manga larga","Comprado de segunda mano",ud,0,,kgCO2e/ud,"FE_ CATEGORÍA MATERIALES Y PRODUCTOS_ROPA Y ACCESORIOS_REGISTRO PARA CÁLCULO_FACTORES DE EMISIÓN.xlsx","ROPA Y ACCESO_REG PARA CÁLCULOS","Regla explícita: segunda mano = 0",FALSE,"Regla metodológica no anual",RULE,,1151
"Ropa y accesorios","Camiseta manga larga",Alquilado,ud,0,,kgCO2e/ud,"FE_ CATEGORÍA MATERIALES Y PRODUCTOS_ROPA Y ACCESORIOS_REGISTRO PARA CÁLCULO_FACTORES DE EMISIÓN.xlsx","ROPA Y ACCESO_REG PARA CÁLCULOS","Regla explícita: alquilado = 0",FALSE,"Regla metodológica no anual",RULE,,1156
"Ropa y accesorios","Camisa, camiseta polo","Comprado de segunda mano",ud,0,,kgCO2e/ud,"FE_ CATEGORÍA MATERIALES Y PRODUCTOS_ROPA Y ACCESORIOS_REGISTRO PARA CÁLCULO_FACTORES DE EMISIÓN.xlsx","ROPA Y ACCESO_REG PARA CÁLCULOS","Regla explícita: segunda mano = 0",FALSE,"Regla metodológica no anual",RULE,,1166
"Ropa y accesorios","Camisa, camiseta polo",Alquilado,ud,0,,kgCO2e/ud,"FE_ CATEGORÍA MATERIALES Y PRODUCTOS_ROPA Y ACCESORIOS_REGISTRO PARA CÁLCULO_FACTORES DE EMISIÓN.xlsx","ROPA Y ACCESO_REG PARA CÁLCULOS","Regla explícita: alquilado = 0",FALSE,"Regla metodológica no anual",RULE,,1171
"Ropa y accesorios","Pantalón vaquero, jeans","Comprado de segunda mano",ud,0,,kgCO2e/ud,"FE_ CATEGORÍA MATERIALES Y PRODUCTOS_ROPA Y ACCESORIOS_REGISTRO PARA CÁLCULO_FACTORES DE EMISIÓN.xlsx","ROPA Y ACCESO_REG PARA CÁLCULOS","Regla explícita: segunda mano = 0",FALSE,"Regla metodológica no anual",RULE,,1181
"Ropa y accesorios","Pantalón vaquero, jeans",Alquilado,ud,0,,kgCO2e/ud,"FE_ CATEGORÍA MATERIALES Y PRODUCTOS_ROPA Y ACCESORIOS_REGISTRO PARA CÁLCULO_FACTORES DE EMISIÓN.xlsx","ROPA Y ACCESO_REG PARA CÁLCULOS","Regla explícita: alquilado = 0",FALSE,"Regla metodológica no anual",RULE,,1186
"Ropa y accesorios",Pantalón,"Comprado de segunda mano",ud,0,,kgCO2e/ud,"FE_ CATEGORÍA MATERIALES Y PRODUCTOS_ROPA Y ACCESORIOS_REGISTRO PARA CÁLCULO_FACTORES DE EMISIÓN.xlsx","ROPA Y ACCESO_REG PARA CÁLCULOS","Regla explícita: segunda mano = 0",FALSE,"Regla metodológica no anual",RULE,,1196
"Ropa y accesorios",Pantalón,Alquilado,ud,0,,kgCO2e/ud,"FE_ CATEGORÍA MATERIALES Y PRODUCTOS_ROPA Y ACCESORIOS_REGISTRO PARA CÁLCULO_FACTORES DE EMISIÓN.xlsx","ROPA Y ACCESO_REG PARA CÁLCULOS","Regla explícita: alquilado = 0",FALSE,"Regla metodológica no anual",RULE,,1201
"Ropa y accesorios","Mallas, leggins","Comprado de segunda mano",ud,0,,kgCO2e/ud,"FE_ CATEGORÍA MATERIALES Y PRODUCTOS_ROPA Y ACCESORIOS_REGISTRO PARA CÁLCULO_FACTORES DE EMISIÓN.xlsx","ROPA Y ACCESO_REG PARA CÁLCULOS","Regla explícita: segunda mano = 0",FALSE,"Regla metodológica no anual",RULE,,1211
"Ropa y accesorios","Mallas, leggins",Alquilado,ud,0,,kgCO2e/ud,"FE_ CATEGORÍA MATERIALES Y PRODUCTOS_ROPA Y ACCESORIOS_REGISTRO PARA CÁLCULO_FACTORES DE EMISIÓN.xlsx","ROPA Y ACCESO_REG PARA CÁLCULOS","Regla explícita: alquilado = 0",FALSE,"Regla metodológica no anual",RULE,,1216
"Ropa y accesorios",Falda,"Comprado de segunda mano",ud,0,,kgCO2e/ud,"FE_ CATEGORÍA MATERIALES Y PRODUCTOS_ROPA Y ACCESORIOS_REGISTRO PARA CÁLCULO_FACTORES DE EMISIÓN.xlsx","ROPA Y ACCESO_REG PARA CÁLCULOS","Regla explícita: segunda mano = 0",FALSE,"Regla metodológica no anual",RULE,,1226
"Ropa y accesorios",Falda,Alquilado,ud,0,,kgCO2e/ud,"FE_ CATEGORÍA MATERIALES Y PRODUCTOS_ROPA Y ACCESORIOS_REGISTRO PARA CÁLCULO_FACTORES DE EMISIÓN.xlsx","ROPA Y ACCESO_REG PARA CÁLCULOS","Regla explícita: alquilado = 0",FALSE,"Regla metodológica no anual",RULE,,1231
"Ropa y accesorios",Vestido,"Comprado de segunda mano",ud,0,,kgCO2e/ud,"FE_ CATEGORÍA MATERIALES Y PRODUCTOS_ROPA Y ACCESORIOS_REGISTRO PARA CÁLCULO_FACTORES DE EMISIÓN.xlsx","ROPA Y ACCESO_REG PARA CÁLCULOS","Regla explícita: segunda mano = 0",FALSE,"Regla metodológica no anual",RULE,,1241
"Ropa y accesorios",Vestido,Alquilado,ud,0,,kgCO2e/ud,"FE_ CATEGORÍA MATERIALES Y PRODUCTOS_ROPA Y ACCESORIOS_REGISTRO PARA CÁLCULO_FACTORES DE EMISIÓN.xlsx","ROPA Y ACCESO_REG PARA CÁLCULOS","Regla explícita: alquilado = 0",FALSE,"Regla metodológica no anual",RULE,,1246
"Ropa y accesorios","Mono de trabajo","Comprado de segunda mano",ud,0,,kgCO2e/ud,"FE_ CATEGORÍA MATERIALES Y PRODUCTOS_ROPA Y ACCESORIOS_REGISTRO PARA CÁLCULO_FACTORES DE EMISIÓN.xlsx","ROPA Y ACCESO_REG PARA CÁLCULOS","Regla explícita: segunda mano = 0",FALSE,"Regla metodológica no anual",RULE,,1256
"Ropa y accesorios","Mono de trabajo",Alquilado,ud,0,,kgCO2e/ud,"FE_ CATEGORÍA MATERIALES Y PRODUCTOS_ROPA Y ACCESORIOS_REGISTRO PARA CÁLCULO_FACTORES DE EMISIÓN.xlsx","ROPA Y ACCESO_REG PARA CÁLCULOS","Regla explícita: alquilado = 0",FALSE,"Regla metodológica no anual",RULE,,1261
"Ropa y accesorios",Cardigan,"Comprado de segunda mano",ud,0,,kgCO2e/ud,"FE_ CATEGORÍA MATERIALES Y PRODUCTOS_ROPA Y ACCESORIOS_REGISTRO PARA CÁLCULO_FACTORES DE EMISIÓN.xlsx","ROPA Y ACCESO_REG PARA CÁLCULOS","Regla explícita: segunda mano = 0",FALSE,"Regla metodológica no anual",RULE,,1271
"Ropa y accesorios",Cardigan,Alquilado,ud,0,,kgCO2e/ud,"FE_ CATEGORÍA MATERIALES Y PRODUCTOS_ROPA Y ACCESORIOS_REGISTRO PARA CÁLCULO_FACTORES DE EMISIÓN.xlsx","ROPA Y ACCESO_REG PARA CÁLCULOS","Regla explícita: alquilado = 0",FALSE,"Regla metodológica no anual",RULE,,1276
"Ropa y accesorios","Sudadera capucha","Comprado de segunda mano",ud,0,,kgCO2e/ud,"FE_ CATEGORÍA MATERIALES Y PRODUCTOS_ROPA Y ACCESORIOS_REGISTRO PARA CÁLCULO_FACTORES DE EMISIÓN.xlsx","ROPA Y ACCESO_REG PARA CÁLCULOS","Regla explícita: segunda mano = 0",FALSE,"Regla metodológica no anual",RULE,,1286
"Ropa y accesorios","Sudadera capucha",Alquilado,ud,0,,kgCO2e/ud,"FE_ CATEGORÍA MATERIALES Y PRODUCTOS_ROPA Y ACCESORIOS_REGISTRO PARA CÁLCULO_FACTORES DE EMISIÓN.xlsx","ROPA Y ACCESO_REG PARA CÁLCULOS","Regla explícita: alquilado = 0",FALSE,"Regla metodológica no anual",RULE,,1291
"Ropa y accesorios","Jersey, suéter","Comprado de segunda mano",ud,0,,kgCO2e/ud,"FE_ CATEGORÍA MATERIALES Y PRODUCTOS_ROPA Y ACCESORIOS_REGISTRO PARA CÁLCULO_FACTORES DE EMISIÓN.xlsx","ROPA Y ACCESO_REG PARA CÁLCULOS","Regla explícita: segunda mano = 0",FALSE,"Regla metodológica no anual",RULE,,1301
"Ropa y accesorios","Jersey, suéter",Alquilado,ud,0,,kgCO2e/ud,"FE_ CATEGORÍA MATERIALES Y PRODUCTOS_ROPA Y ACCESORIOS_REGISTRO PARA CÁLCULO_FACTORES DE EMISIÓN.xlsx","ROPA Y ACCESO_REG PARA CÁLCULOS","Regla explícita: alquilado = 0",FALSE,"Regla metodológica no anual",RULE,,1306
"Ropa y accesorios","Capa capucha","Comprado de segunda mano",ud,0,,kgCO2e/ud,"FE_ CATEGORÍA MATERIALES Y PRODUCTOS_ROPA Y ACCESORIOS_REGISTRO PARA CÁLCULO_FACTORES DE EMISIÓN.xlsx","ROPA Y ACCESO_REG PARA CÁLCULOS","Regla explícita: segunda mano = 0",FALSE,"Regla metodológica no anual",RULE,,1316
"Ropa y accesorios","Capa capucha",Alquilado,ud,0,,kgCO2e/ud,"FE_ CATEGORÍA MATERIALES Y PRODUCTOS_ROPA Y ACCESORIOS_REGISTRO PARA CÁLCULO_FACTORES DE EMISIÓN.xlsx","ROPA Y ACCESO_REG PARA CÁLCULOS","Regla explícita: alquilado = 0",FALSE,"Regla metodológica no anual",RULE,,1321
"Ropa y accesorios","Chaqueta forro polar","Comprado de segunda mano",ud,0,,kgCO2e/ud,"FE_ CATEGORÍA MATERIALES Y PRODUCTOS_ROPA Y ACCESORIOS_REGISTRO PARA CÁLCULO_FACTORES DE EMISIÓN.xlsx","ROPA Y ACCESO_REG PARA CÁLCULOS","Regla explícita: segunda mano = 0",FALSE,"Regla metodológica no anual",RULE,,1331
"Ropa y accesorios","Chaqueta forro polar",Alquilado,ud,0,,kgCO2e/ud,"FE_ CATEGORÍA MATERIALES Y PRODUCTOS_ROPA Y ACCESORIOS_REGISTRO PARA CÁLCULO_FACTORES DE EMISIÓN.xlsx","ROPA Y ACCESO_REG PARA CÁLCULOS","Regla explícita: alquilado = 0",FALSE,"Regla metodológica no anual",RULE,,1336
"Ropa y accesorios","Chaqueta, cazadora","Comprado de segunda mano",ud,0,,kgCO2e/ud,"FE_ CATEGORÍA MATERIALES Y PRODUCTOS_ROPA Y ACCESORIOS_REGISTRO PARA CÁLCULO_FACTORES DE EMISIÓN.xlsx","ROPA Y ACCESO_REG PARA CÁLCULOS","Regla explícita: segunda mano = 0",FALSE,"Regla metodológica no anual",RULE,,1346
"Ropa y accesorios","Chaqueta, cazadora",Alquilado,ud,0,,kgCO2e/ud,"FE_ CATEGORÍA MATERIALES Y PRODUCTOS_ROPA Y ACCESORIOS_REGISTRO PARA CÁLCULO_FACTORES DE EMISIÓN.xlsx","ROPA Y ACCESO_REG PARA CÁLCULOS","Regla explícita: alquilado = 0",FALSE,"Regla metodológica no anual",RULE,,1351
"Ropa y accesorios","Chaleco acolchado","Comprado de segunda mano",ud,0,,kgCO2e/ud,"FE_ CATEGORÍA MATERIALES Y PRODUCTOS_ROPA Y ACCESORIOS_REGISTRO PARA CÁLCULO_FACTORES DE EMISIÓN.xlsx","ROPA Y ACCESO_REG PARA CÁLCULOS","Regla explícita: segunda mano = 0",FALSE,"Regla metodológica no anual",RULE,,1361
"Ropa y accesorios","Chaleco acolchado",Alquilado,ud,0,,kgCO2e/ud,"FE_ CATEGORÍA MATERIALES Y PRODUCTOS_ROPA Y ACCESORIOS_REGISTRO PARA CÁLCULO_FACTORES DE EMISIÓN.xlsx","ROPA Y ACCESO_REG PARA CÁLCULOS","Regla explícita: alquilado = 0",FALSE,"Regla metodológica no anual",RULE,,1366
"Ropa y accesorios","Bañador hombre","Comprado de segunda mano",ud,0,,kgCO2e/ud,"FE_ CATEGORÍA MATERIALES Y PRODUCTOS_ROPA Y ACCESORIOS_REGISTRO PARA CÁLCULO_FACTORES DE EMISIÓN.xlsx","ROPA Y ACCESO_REG PARA CÁLCULOS","Regla explícita: segunda mano = 0",FALSE,"Regla metodológica no anual",RULE,,1376
"Ropa y accesorios","Bañador hombre",Alquilado,ud,0,,kgCO2e/ud,"FE_ CATEGORÍA MATERIALES Y PRODUCTOS_ROPA Y ACCESORIOS_REGISTRO PARA CÁLCULO_FACTORES DE EMISIÓN.xlsx","ROPA Y ACCESO_REG PARA CÁLCULOS","Regla explícita: alquilado = 0",FALSE,"Regla metodológica no anual",RULE,,1381
"Ropa y accesorios","Bañador de dos piezas mujer, bikini","Comprado de segunda mano",ud,0,,kgCO2e/ud,"FE_ CATEGORÍA MATERIALES Y PRODUCTOS_ROPA Y ACCESORIOS_REGISTRO PARA CÁLCULO_FACTORES DE EMISIÓN.xlsx","ROPA Y ACCESO_REG PARA CÁLCULOS","Regla explícita: segunda mano = 0",FALSE,"Regla metodológica no anual",RULE,,1391
"Ropa y accesorios","Bañador de dos piezas mujer, bikini",Alquilado,ud,0,,kgCO2e/ud,"FE_ CATEGORÍA MATERIALES Y PRODUCTOS_ROPA Y ACCESORIOS_REGISTRO PARA CÁLCULO_FACTORES DE EMISIÓN.xlsx","ROPA Y ACCESO_REG PARA CÁLCULOS","Regla explícita: alquilado = 0",FALSE,"Regla metodológica no anual",RULE,,1396
"Ropa y accesorios","Bañador mujer","Comprado de segunda mano",ud,0,,kgCO2e/ud,"FE_ CATEGORÍA MATERIALES Y PRODUCTOS_ROPA Y ACCESORIOS_REGISTRO PARA CÁLCULO_FACTORES DE EMISIÓN.xlsx","ROPA Y ACCESO_REG PARA CÁLCULOS","Regla explícita: segunda mano = 0",FALSE,"Regla metodológica no anual",RULE,,1406
"Ropa y accesorios","Bañador mujer",Alquilado,ud,0,,kgCO2e/ud,"FE_ CATEGORÍA MATERIALES Y PRODUCTOS_ROPA Y ACCESORIOS_REGISTRO PARA CÁLCULO_FACTORES DE EMISIÓN.xlsx","ROPA Y ACCESO_REG PARA CÁLCULOS","Regla explícita: alquilado = 0",FALSE,"Regla metodológica no anual",RULE,,1411
"Ropa y accesorios","Traje buceo neopreno","Comprado de segunda mano",ud,0,,kgCO2e/ud,"FE_ CATEGORÍA MATERIALES Y PRODUCTOS_ROPA Y ACCESORIOS_REGISTRO PARA CÁLCULO_FACTORES DE EMISIÓN.xlsx","ROPA Y ACCESO_REG PARA CÁLCULOS","Regla explícita: segunda mano = 0",FALSE,"Regla metodológica no anual",RULE,,1421
"Ropa y accesorios","Traje buceo neopreno",Alquilado,ud,0,,kgCO2e/ud,"FE_ CATEGORÍA MATERIALES Y PRODUCTOS_ROPA Y ACCESORIOS_REGISTRO PARA CÁLCULO_FACTORES DE EMISIÓN.xlsx","ROPA Y ACCESO_REG PARA CÁLCULOS","Regla explícita: alquilado = 0",FALSE,"Regla metodológica no anual",RULE,,1426
"Ropa y accesorios","Zapato tacón verano","Comprado de segunda mano",ud,0,,kgCO2e/ud,"FE_ CATEGORÍA MATERIALES Y PRODUCTOS_ROPA Y ACCESORIOS_REGISTRO PARA CÁLCULO_FACTORES DE EMISIÓN.xlsx","ROPA Y ACCESO_REG PARA CÁLCULOS","Regla explícita: segunda mano = 0",FALSE,"Regla metodológica no anual",RULE,,1436
"Ropa y accesorios","Zapato tacón verano",Alquilado,ud,0,,kgCO2e/ud,"FE_ CATEGORÍA MATERIALES Y PRODUCTOS_ROPA Y ACCESORIOS_REGISTRO PARA CÁLCULO_FACTORES DE EMISIÓN.xlsx","ROPA Y ACCESO_REG PARA CÁLCULOS","Regla explícita: alquilado = 0",FALSE,"Regla metodológica no anual",RULE,,1441
"Ropa y accesorios","Zapato tacón","Comprado de segunda mano",ud,0,,kgCO2e/ud,"FE_ CATEGORÍA MATERIALES Y PRODUCTOS_ROPA Y ACCESORIOS_REGISTRO PARA CÁLCULO_FACTORES DE EMISIÓN.xlsx","ROPA Y ACCESO_REG PARA CÁLCULOS","Regla explícita: segunda mano = 0",FALSE,"Regla metodológica no anual",RULE,,1451
"Ropa y accesorios","Zapato tacón",Alquilado,ud,0,,kgCO2e/ud,"FE_ CATEGORÍA MATERIALES Y PRODUCTOS_ROPA Y ACCESORIOS_REGISTRO PARA CÁLCULO_FACTORES DE EMISIÓN.xlsx","ROPA Y ACCESO_REG PARA CÁLCULOS","Regla explícita: alquilado = 0",FALSE,"Regla metodológica no anual",RULE,,1456
"Ropa y accesorios","Zapato plano mujer","Comprado de segunda mano",ud,0,,kgCO2e/ud,"FE_ CATEGORÍA MATERIALES Y PRODUCTOS_ROPA Y ACCESORIOS_REGISTRO PARA CÁLCULO_FACTORES DE EMISIÓN.xlsx","ROPA Y ACCESO_REG PARA CÁLCULOS","Regla explícita: segunda mano = 0",FALSE,"Regla metodológica no anual",RULE,,1466
"Ropa y accesorios","Zapato plano mujer",Alquilado,ud,0,,kgCO2e/ud,"FE_ CATEGORÍA MATERIALES Y PRODUCTOS_ROPA Y ACCESORIOS_REGISTRO PARA CÁLCULO_FACTORES DE EMISIÓN.xlsx","ROPA Y ACCESO_REG PARA CÁLCULOS","Regla explícita: alquilado = 0",FALSE,"Regla metodológica no anual",RULE,,1471
"Ropa y accesorios","Zapato mocasín","Comprado de segunda mano",ud,0,,kgCO2e/ud,"FE_ CATEGORÍA MATERIALES Y PRODUCTOS_ROPA Y ACCESORIOS_REGISTRO PARA CÁLCULO_FACTORES DE EMISIÓN.xlsx","ROPA Y ACCESO_REG PARA CÁLCULOS","Regla explícita: segunda mano = 0",FALSE,"Regla metodológica no anual",RULE,,1481
"Ropa y accesorios","Zapato mocasín",Alquilado,ud,0,,kgCO2e/ud,"FE_ CATEGORÍA MATERIALES Y PRODUCTOS_ROPA Y ACCESORIOS_REGISTRO PARA CÁLCULO_FACTORES DE EMISIÓN.xlsx","ROPA Y ACCESO_REG PARA CÁLCULOS","Regla explícita: alquilado = 0",FALSE,"Regla metodológica no anual",RULE,,1486
"Ropa y accesorios","Zapato, zapatilla vestir hombre","Comprado de segunda mano",ud,0,,kgCO2e/ud,"FE_ CATEGORÍA MATERIALES Y PRODUCTOS_ROPA Y ACCESORIOS_REGISTRO PARA CÁLCULO_FACTORES DE EMISIÓN.xlsx","ROPA Y ACCESO_REG PARA CÁLCULOS","Regla explícita: segunda mano = 0",FALSE,"Regla metodológica no anual",RULE,,1496
"Ropa y accesorios","Zapato, zapatilla vestir hombre",Alquilado,ud,0,,kgCO2e/ud,"FE_ CATEGORÍA MATERIALES Y PRODUCTOS_ROPA Y ACCESORIOS_REGISTRO PARA CÁLCULO_FACTORES DE EMISIÓN.xlsx","ROPA Y ACCESO_REG PARA CÁLCULOS","Regla explícita: alquilado = 0",FALSE,"Regla metodológica no anual",RULE,,1501
"Ropa y accesorios","Zapatillas deportivas","Comprado de segunda mano",ud,0,,kgCO2e/ud,"FE_ CATEGORÍA MATERIALES Y PRODUCTOS_ROPA Y ACCESORIOS_REGISTRO PARA CÁLCULO_FACTORES DE EMISIÓN.xlsx","ROPA Y ACCESO_REG PARA CÁLCULOS","Regla explícita: segunda mano = 0",FALSE,"Regla metodológica no anual",RULE,,1511
"Ropa y accesorios","Zapatillas deportivas",Alquilado,ud,0,,kgCO2e/ud,"FE_ CATEGORÍA MATERIALES Y PRODUCTOS_ROPA Y ACCESORIOS_REGISTRO PARA CÁLCULO_FACTORES DE EMISIÓN.xlsx","ROPA Y ACCESO_REG PARA CÁLCULOS","Regla explícita: alquilado = 0",FALSE,"Regla metodológica no anual",RULE,,1516
"Ropa y accesorios",Botas,"Comprado de segunda mano",ud,0,,kgCO2e/ud,"FE_ CATEGORÍA MATERIALES Y PRODUCTOS_ROPA Y ACCESORIOS_REGISTRO PARA CÁLCULO_FACTORES DE EMISIÓN.xlsx","ROPA Y ACCESO_REG PARA CÁLCULOS","Regla explícita: segunda mano = 0",FALSE,"Regla metodológica no anual",RULE,,1526
"Ropa y accesorios",Botas,Alquilado,ud,0,,kgCO2e/ud,"FE_ CATEGORÍA MATERIALES Y PRODUCTOS_ROPA Y ACCESORIOS_REGISTRO PARA CÁLCULO_FACTORES DE EMISIÓN.xlsx","ROPA Y ACCESO_REG PARA CÁLCULOS","Regla explícita: alquilado = 0",FALSE,"Regla metodológica no anual",RULE,,1531
"Ropa y accesorios","Suela calzado","Comprado de segunda mano",ud,0,,kgCO2e/ud,"FE_ CATEGORÍA MATERIALES Y PRODUCTOS_ROPA Y ACCESORIOS_REGISTRO PARA CÁLCULO_FACTORES DE EMISIÓN.xlsx","ROPA Y ACCESO_REG PARA CÁLCULOS","Regla explícita: segunda mano = 0",FALSE,"Regla metodológica no anual",RULE,,1541
"Ropa y accesorios","Suela calzado",Alquilado,ud,0,,kgCO2e/ud,"FE_ CATEGORÍA MATERIALES Y PRODUCTOS_ROPA Y ACCESORIOS_REGISTRO PARA CÁLCULO_FACTORES DE EMISIÓN.xlsx","ROPA Y ACCESO_REG PARA CÁLCULOS","Regla explícita: alquilado = 0",FALSE,"Regla metodológica no anual",RULE,,1546
"Ropa y accesorios",Plantilla,"Comprado de segunda mano",ud,0,,kgCO2e/ud,"FE_ CATEGORÍA MATERIALES Y PRODUCTOS_ROPA Y ACCESORIOS_REGISTRO PARA CÁLCULO_FACTORES DE EMISIÓN.xlsx","ROPA Y ACCESO_REG PARA CÁLCULOS","Regla explícita: segunda mano = 0",FALSE,"Regla metodológica no anual",RULE,,1556
"Ropa y accesorios",Plantilla,Alquilado,ud,0,,kgCO2e/ud,"FE_ CATEGORÍA MATERIALES Y PRODUCTOS_ROPA Y ACCESORIOS_REGISTRO PARA CÁLCULO_FACTORES DE EMISIÓN.xlsx","ROPA Y ACCESO_REG PARA CÁLCULOS","Regla explícita: alquilado = 0",FALSE,"Regla metodológica no anual",RULE,,1561
"Ropa y accesorios",Calcetines,"Comprado de segunda mano",ud,0,,kgCO2e/ud,"FE_ CATEGORÍA MATERIALES Y PRODUCTOS_ROPA Y ACCESORIOS_REGISTRO PARA CÁLCULO_FACTORES DE EMISIÓN.xlsx","ROPA Y ACCESO_REG PARA CÁLCULOS","Regla explícita: segunda mano = 0",FALSE,"Regla metodológica no anual",RULE,,1571
"Ropa y accesorios",Calcetines,Alquilado,ud,0,,kgCO2e/ud,"FE_ CATEGORÍA MATERIALES Y PRODUCTOS_ROPA Y ACCESORIOS_REGISTRO PARA CÁLCULO_FACTORES DE EMISIÓN.xlsx","ROPA Y ACCESO_REG PARA CÁLCULOS","Regla explícita: alquilado = 0",FALSE,"Regla metodológica no anual",RULE,,1576
"Ropa y accesorios","Medias, leotardos","Comprado de segunda mano",ud,0,,kgCO2e/ud,"FE_ CATEGORÍA MATERIALES Y PRODUCTOS_ROPA Y ACCESORIOS_REGISTRO PARA CÁLCULO_FACTORES DE EMISIÓN.xlsx","ROPA Y ACCESO_REG PARA CÁLCULOS","Regla explícita: segunda mano = 0",FALSE,"Regla metodológica no anual",RULE,,1586
"Ropa y accesorios","Medias, leotardos",Alquilado,ud,0,,kgCO2e/ud,"FE_ CATEGORÍA MATERIALES Y PRODUCTOS_ROPA Y ACCESORIOS_REGISTRO PARA CÁLCULO_FACTORES DE EMISIÓN.xlsx","ROPA Y ACCESO_REG PARA CÁLCULOS","Regla explícita: alquilado = 0",FALSE,"Regla metodológica no anual",RULE,,1591
"Ropa y accesorios",Sujetador,"Comprado de segunda mano",ud,0,,kgCO2e/ud,"FE_ CATEGORÍA MATERIALES Y PRODUCTOS_ROPA Y ACCESORIOS_REGISTRO PARA CÁLCULO_FACTORES DE EMISIÓN.xlsx","ROPA Y ACCESO_REG PARA CÁLCULOS","Regla explícita: segunda mano = 0",FALSE,"Regla metodológica no anual",RULE,,1601
"Ropa y accesorios",Sujetador,Alquilado,ud,0,,kgCO2e/ud,"FE_ CATEGORÍA MATERIALES Y PRODUCTOS_ROPA Y ACCESORIOS_REGISTRO PARA CÁLCULO_FACTORES DE EMISIÓN.xlsx","ROPA Y ACCESO_REG PARA CÁLCULOS","Regla explícita: alquilado = 0",FALSE,"Regla metodológica no anual",RULE,,1606
"Ropa y accesorios","Ropa interior mujer","Comprado de segunda mano",ud,0,,kgCO2e/ud,"FE_ CATEGORÍA MATERIALES Y PRODUCTOS_ROPA Y ACCESORIOS_REGISTRO PARA CÁLCULO_FACTORES DE EMISIÓN.xlsx","ROPA Y ACCESO_REG PARA CÁLCULOS","Regla explícita: segunda mano = 0",FALSE,"Regla metodológica no anual",RULE,,1616
"Ropa y accesorios","Ropa interior mujer",Alquilado,ud,0,,kgCO2e/ud,"FE_ CATEGORÍA MATERIALES Y PRODUCTOS_ROPA Y ACCESORIOS_REGISTRO PARA CÁLCULO_FACTORES DE EMISIÓN.xlsx","ROPA Y ACCESO_REG PARA CÁLCULOS","Regla explícita: alquilado = 0",FALSE,"Regla metodológica no anual",RULE,,1621
"Ropa y accesorios","Ropa interior hombre boxers","Comprado de segunda mano",ud,0,,kgCO2e/ud,"FE_ CATEGORÍA MATERIALES Y PRODUCTOS_ROPA Y ACCESORIOS_REGISTRO PARA CÁLCULO_FACTORES DE EMISIÓN.xlsx","ROPA Y ACCESO_REG PARA CÁLCULOS","Regla explícita: segunda mano = 0",FALSE,"Regla metodológica no anual",RULE,,1631
"Ropa y accesorios","Ropa interior hombre boxers",Alquilado,ud,0,,kgCO2e/ud,"FE_ CATEGORÍA MATERIALES Y PRODUCTOS_ROPA Y ACCESORIOS_REGISTRO PARA CÁLCULO_FACTORES DE EMISIÓN.xlsx","ROPA Y ACCESO_REG PARA CÁLCULOS","Regla explícita: alquilado = 0",FALSE,"Regla metodológica no anual",RULE,,1636
"Ropa y accesorios","Ropa interior hombre slips","Comprado de segunda mano",ud,0,,kgCO2e/ud,"FE_ CATEGORÍA MATERIALES Y PRODUCTOS_ROPA Y ACCESORIOS_REGISTRO PARA CÁLCULO_FACTORES DE EMISIÓN.xlsx","ROPA Y ACCESO_REG PARA CÁLCULOS","Regla explícita: segunda mano = 0",FALSE,"Regla metodológica no anual",RULE,,1646
"Ropa y accesorios","Ropa interior hombre slips",Alquilado,ud,0,,kgCO2e/ud,"FE_ CATEGORÍA MATERIALES Y PRODUCTOS_ROPA Y ACCESORIOS_REGISTRO PARA CÁLCULO_FACTORES DE EMISIÓN.xlsx","ROPA Y ACCESO_REG PARA CÁLCULOS","Regla explícita: alquilado = 0",FALSE,"Regla metodológica no anual",RULE,,1651
"Ropa y accesorios","Bata mujer","Comprado de segunda mano",ud,0,,kgCO2e/ud,"FE_ CATEGORÍA MATERIALES Y PRODUCTOS_ROPA Y ACCESORIOS_REGISTRO PARA CÁLCULO_FACTORES DE EMISIÓN.xlsx","ROPA Y ACCESO_REG PARA CÁLCULOS","Regla explícita: segunda mano = 0",FALSE,"Regla metodológica no anual",RULE,,1661
"Ropa y accesorios","Bata mujer",Alquilado,ud,0,,kgCO2e/ud,"FE_ CATEGORÍA MATERIALES Y PRODUCTOS_ROPA Y ACCESORIOS_REGISTRO PARA CÁLCULO_FACTORES DE EMISIÓN.xlsx","ROPA Y ACCESO_REG PARA CÁLCULOS","Regla explícita: alquilado = 0",FALSE,"Regla metodológica no anual",RULE,,1666
"Ropa y accesorios","Pijama hombre","Comprado de segunda mano",ud,0,,kgCO2e/ud,"FE_ CATEGORÍA MATERIALES Y PRODUCTOS_ROPA Y ACCESORIOS_REGISTRO PARA CÁLCULO_FACTORES DE EMISIÓN.xlsx","ROPA Y ACCESO_REG PARA CÁLCULOS","Regla explícita: segunda mano = 0",FALSE,"Regla metodológica no anual",RULE,,1676
"Ropa y accesorios","Pijama hombre",Alquilado,ud,0,,kgCO2e/ud,"FE_ CATEGORÍA MATERIALES Y PRODUCTOS_ROPA Y ACCESORIOS_REGISTRO PARA CÁLCULO_FACTORES DE EMISIÓN.xlsx","ROPA Y ACCESO_REG PARA CÁLCULOS","Regla explícita: alquilado = 0",FALSE,"Regla metodológica no anual",RULE,,1681
"Ropa y accesorios",Delantal,"Comprado de segunda mano",ud,0,,kgCO2e/ud,"FE_ CATEGORÍA MATERIALES Y PRODUCTOS_ROPA Y ACCESORIOS_REGISTRO PARA CÁLCULO_FACTORES DE EMISIÓN.xlsx","ROPA Y ACCESO_REG PARA CÁLCULOS","Regla explícita: segunda mano = 0",FALSE,"Regla metodológica no anual",RULE,,1691
"Ropa y accesorios",Delantal,Alquilado,ud,0,,kgCO2e/ud,"FE_ CATEGORÍA MATERIALES Y PRODUCTOS_ROPA Y ACCESORIOS_REGISTRO PARA CÁLCULO_FACTORES DE EMISIÓN.xlsx","ROPA Y ACCESO_REG PARA CÁLCULOS","Regla explícita: alquilado = 0",FALSE,"Regla metodológica no anual",RULE,,1696
"Ropa y accesorios","Ropa trabajo","Comprado de segunda mano",ud,0,,kgCO2e/ud,"FE_ CATEGORÍA MATERIALES Y PRODUCTOS_ROPA Y ACCESORIOS_REGISTRO PARA CÁLCULO_FACTORES DE EMISIÓN.xlsx","ROPA Y ACCESO_REG PARA CÁLCULOS","Regla explícita: segunda mano = 0",FALSE,"Regla metodológica no anual",RULE,,1706
"Ropa y accesorios","Ropa trabajo",Alquilado,ud,0,,kgCO2e/ud,"FE_ CATEGORÍA MATERIALES Y PRODUCTOS_ROPA Y ACCESORIOS_REGISTRO PARA CÁLCULO_FACTORES DE EMISIÓN.xlsx","ROPA Y ACCESO_REG PARA CÁLCULOS","Regla explícita: alquilado = 0",FALSE,"Regla metodológica no anual",RULE,,1711
"Ropa y accesorios","Sombrero para el sol","Comprado de segunda mano",ud,0,,kgCO2e/ud,"FE_ CATEGORÍA MATERIALES Y PRODUCTOS_ROPA Y ACCESORIOS_REGISTRO PARA CÁLCULO_FACTORES DE EMISIÓN.xlsx","ROPA Y ACCESO_REG PARA CÁLCULOS","Regla explícita: segunda mano = 0",FALSE,"Regla metodológica no anual",RULE,,1721
"Ropa y accesorios","Sombrero para el sol",Alquilado,ud,0,,kgCO2e/ud,"FE_ CATEGORÍA MATERIALES Y PRODUCTOS_ROPA Y ACCESORIOS_REGISTRO PARA CÁLCULO_FACTORES DE EMISIÓN.xlsx","ROPA Y ACCESO_REG PARA CÁLCULOS","Regla explícita: alquilado = 0",FALSE,"Regla metodológica no anual",RULE,,1726
"Ropa y accesorios","Gorra deportiva, beisbol","Comprado de segunda mano",ud,0,,kgCO2e/ud,"FE_ CATEGORÍA MATERIALES Y PRODUCTOS_ROPA Y ACCESORIOS_REGISTRO PARA CÁLCULO_FACTORES DE EMISIÓN.xlsx","ROPA Y ACCESO_REG PARA CÁLCULOS","Regla explícita: segunda mano = 0",FALSE,"Regla metodológica no anual",RULE,,1736
"Ropa y accesorios","Gorra deportiva, beisbol",Alquilado,ud,0,,kgCO2e/ud,"FE_ CATEGORÍA MATERIALES Y PRODUCTOS_ROPA Y ACCESORIOS_REGISTRO PARA CÁLCULO_FACTORES DE EMISIÓN.xlsx","ROPA Y ACCESO_REG PARA CÁLCULOS","Regla explícita: alquilado = 0",FALSE,"Regla metodológica no anual",RULE,,1741
"Ropa y accesorios","Sombrero, gorra de vestir","Comprado de segunda mano",ud,0,,kgCO2e/ud,"FE_ CATEGORÍA MATERIALES Y PRODUCTOS_ROPA Y ACCESORIOS_REGISTRO PARA CÁLCULO_FACTORES DE EMISIÓN.xlsx","ROPA Y ACCESO_REG PARA CÁLCULOS","Regla explícita: segunda mano = 0",FALSE,"Regla metodológica no anual",RULE,,1751
"Ropa y accesorios","Sombrero, gorra de vestir",Alquilado,ud,0,,kgCO2e/ud,"FE_ CATEGORÍA MATERIALES Y PRODUCTOS_ROPA Y ACCESORIOS_REGISTRO PARA CÁLCULO_FACTORES DE EMISIÓN.xlsx","ROPA Y ACCESO_REG PARA CÁLCULOS","Regla explícita: alquilado = 0",FALSE,"Regla metodológica no anual",RULE,,1756
"Ropa y accesorios",Gorro,"Comprado de segunda mano",ud,0,,kgCO2e/ud,"FE_ CATEGORÍA MATERIALES Y PRODUCTOS_ROPA Y ACCESORIOS_REGISTRO PARA CÁLCULO_FACTORES DE EMISIÓN.xlsx","ROPA Y ACCESO_REG PARA CÁLCULOS","Regla explícita: segunda mano = 0",FALSE,"Regla metodológica no anual",RULE,,1766
"Ropa y accesorios",Gorro,Alquilado,ud,0,,kgCO2e/ud,"FE_ CATEGORÍA MATERIALES Y PRODUCTOS_ROPA Y ACCESORIOS_REGISTRO PARA CÁLCULO_FACTORES DE EMISIÓN.xlsx","ROPA Y ACCESO_REG PARA CÁLCULOS","Regla explícita: alquilado = 0",FALSE,"Regla metodológica no anual",RULE,,1771
"Ropa y accesorios","Casco moto","Comprado de segunda mano",ud,0,,kgCO2e/ud,"FE_ CATEGORÍA MATERIALES Y PRODUCTOS_ROPA Y ACCESORIOS_REGISTRO PARA CÁLCULO_FACTORES DE EMISIÓN.xlsx","ROPA Y ACCESO_REG PARA CÁLCULOS","Regla explícita: segunda mano = 0",FALSE,"Regla metodológica no anual",RULE,,1781
"Ropa y accesorios","Casco moto",Alquilado,ud,0,,kgCO2e/ud,"FE_ CATEGORÍA MATERIALES Y PRODUCTOS_ROPA Y ACCESORIOS_REGISTRO PARA CÁLCULO_FACTORES DE EMISIÓN.xlsx","ROPA Y ACCESO_REG PARA CÁLCULOS","Regla explícita: alquilado = 0",FALSE,"Regla metodológica no anual",RULE,,1786
"Ropa y accesorios",Diadema,"Comprado de segunda mano",ud,0,,kgCO2e/ud,"FE_ CATEGORÍA MATERIALES Y PRODUCTOS_ROPA Y ACCESORIOS_REGISTRO PARA CÁLCULO_FACTORES DE EMISIÓN.xlsx","ROPA Y ACCESO_REG PARA CÁLCULOS","Regla explícita: segunda mano = 0",FALSE,"Regla metodológica no anual",RULE,,1796
"Ropa y accesorios",Diadema,Alquilado,ud,0,,kgCO2e/ud,"FE_ CATEGORÍA MATERIALES Y PRODUCTOS_ROPA Y ACCESORIOS_REGISTRO PARA CÁLCULO_FACTORES DE EMISIÓN.xlsx","ROPA Y ACCESO_REG PARA CÁLCULOS","Regla explícita: alquilado = 0",FALSE,"Regla metodológica no anual",RULE,,1801
"Ropa y accesorios","Coletero, goma para el pelo","Comprado de segunda mano",ud,0,,kgCO2e/ud,"FE_ CATEGORÍA MATERIALES Y PRODUCTOS_ROPA Y ACCESORIOS_REGISTRO PARA CÁLCULO_FACTORES DE EMISIÓN.xlsx","ROPA Y ACCESO_REG PARA CÁLCULOS","Regla explícita: segunda mano = 0",FALSE,"Regla metodológica no anual",RULE,,1811
"Ropa y accesorios","Coletero, goma para el pelo",Alquilado,ud,0,,kgCO2e/ud,"FE_ CATEGORÍA MATERIALES Y PRODUCTOS_ROPA Y ACCESORIOS_REGISTRO PARA CÁLCULO_FACTORES DE EMISIÓN.xlsx","ROPA Y ACCESO_REG PARA CÁLCULOS","Regla explícita: alquilado = 0",FALSE,"Regla metodológica no anual",RULE,,1816
"Ropa y accesorios",Cinturón,"Comprado de segunda mano",ud,0,,kgCO2e/ud,"FE_ CATEGORÍA MATERIALES Y PRODUCTOS_ROPA Y ACCESORIOS_REGISTRO PARA CÁLCULO_FACTORES DE EMISIÓN.xlsx","ROPA Y ACCESO_REG PARA CÁLCULOS","Regla explícita: segunda mano = 0",FALSE,"Regla metodológica no anual",RULE,,1826
"Ropa y accesorios",Cinturón,Alquilado,ud,0,,kgCO2e/ud,"FE_ CATEGORÍA MATERIALES Y PRODUCTOS_ROPA Y ACCESORIOS_REGISTRO PARA CÁLCULO_FACTORES DE EMISIÓN.xlsx","ROPA Y ACCESO_REG PARA CÁLCULOS","Regla explícita: alquilado = 0",FALSE,"Regla metodológica no anual",RULE,,1831
"Ropa y accesorios",Gafas,"Comprado de segunda mano",ud,0,,kgCO2e/ud,"FE_ CATEGORÍA MATERIALES Y PRODUCTOS_ROPA Y ACCESORIOS_REGISTRO PARA CÁLCULO_FACTORES DE EMISIÓN.xlsx","ROPA Y ACCESO_REG PARA CÁLCULOS","Regla explícita: segunda mano = 0",FALSE,"Regla metodológica no anual",RULE,,1841
"Ropa y accesorios",Gafas,Alquilado,ud,0,,kgCO2e/ud,"FE_ CATEGORÍA MATERIALES Y PRODUCTOS_ROPA Y ACCESORIOS_REGISTRO PARA CÁLCULO_FACTORES DE EMISIÓN.xlsx","ROPA Y ACCESO_REG PARA CÁLCULOS","Regla explícita: alquilado = 0",FALSE,"Regla metodológica no anual",RULE,,1846
"Ropa y accesorios",Corbata,"Comprado de segunda mano",ud,0,,kgCO2e/ud,"FE_ CATEGORÍA MATERIALES Y PRODUCTOS_ROPA Y ACCESORIOS_REGISTRO PARA CÁLCULO_FACTORES DE EMISIÓN.xlsx","ROPA Y ACCESO_REG PARA CÁLCULOS","Regla explícita: segunda mano = 0",FALSE,"Regla metodológica no anual",RULE,,1856
"Ropa y accesorios",Corbata,Alquilado,ud,0,,kgCO2e/ud,"FE_ CATEGORÍA MATERIALES Y PRODUCTOS_ROPA Y ACCESORIOS_REGISTRO PARA CÁLCULO_FACTORES DE EMISIÓN.xlsx","ROPA Y ACCESO_REG PARA CÁLCULOS","Regla explícita: alquilado = 0",FALSE,"Regla metodológica no anual",RULE,,1861
"Ropa y accesorios",Bufanda,"Comprado de segunda mano",ud,0,,kgCO2e/ud,"FE_ CATEGORÍA MATERIALES Y PRODUCTOS_ROPA Y ACCESORIOS_REGISTRO PARA CÁLCULO_FACTORES DE EMISIÓN.xlsx","ROPA Y ACCESO_REG PARA CÁLCULOS","Regla explícita: segunda mano = 0",FALSE,"Regla metodológica no anual",RULE,,1871
"Ropa y accesorios",Bufanda,Alquilado,ud,0,,kgCO2e/ud,"FE_ CATEGORÍA MATERIALES Y PRODUCTOS_ROPA Y ACCESORIOS_REGISTRO PARA CÁLCULO_FACTORES DE EMISIÓN.xlsx","ROPA Y ACCESO_REG PARA CÁLCULOS","Regla explícita: alquilado = 0",FALSE,"Regla metodológica no anual",RULE,,1876
"Ropa y accesorios",Guantes,"Comprado de segunda mano",ud,0,,kgCO2e/ud,"FE_ CATEGORÍA MATERIALES Y PRODUCTOS_ROPA Y ACCESORIOS_REGISTRO PARA CÁLCULO_FACTORES DE EMISIÓN.xlsx","ROPA Y ACCESO_REG PARA CÁLCULOS","Regla explícita: segunda mano = 0",FALSE,"Regla metodológica no anual",RULE,,1886
"Ropa y accesorios",Guantes,Alquilado,ud,0,,kgCO2e/ud,"FE_ CATEGORÍA MATERIALES Y PRODUCTOS_ROPA Y ACCESORIOS_REGISTRO PARA CÁLCULO_FACTORES DE EMISIÓN.xlsx","ROPA Y ACCESO_REG PARA CÁLCULOS","Regla explícita: alquilado = 0",FALSE,"Regla metodológica no anual",RULE,,1891
"Ropa y accesorios","Guantes trabajo","Comprado de segunda mano",ud,0,,kgCO2e/ud,"FE_ CATEGORÍA MATERIALES Y PRODUCTOS_ROPA Y ACCESORIOS_REGISTRO PARA CÁLCULO_FACTORES DE EMISIÓN.xlsx","ROPA Y ACCESO_REG PARA CÁLCULOS","Regla explícita: segunda mano = 0",FALSE,"Regla metodológica no anual",RULE,,1901
"Ropa y accesorios","Guantes trabajo",Alquilado,ud,0,,kgCO2e/ud,"FE_ CATEGORÍA MATERIALES Y PRODUCTOS_ROPA Y ACCESORIOS_REGISTRO PARA CÁLCULO_FACTORES DE EMISIÓN.xlsx","ROPA Y ACCESO_REG PARA CÁLCULOS","Regla explícita: alquilado = 0",FALSE,"Regla metodológica no anual",RULE,,1906
"Ropa y accesorios","Calentadores brazos","Comprado de segunda mano",ud,0,,kgCO2e/ud,"FE_ CATEGORÍA MATERIALES Y PRODUCTOS_ROPA Y ACCESORIOS_REGISTRO PARA CÁLCULO_FACTORES DE EMISIÓN.xlsx","ROPA Y ACCESO_REG PARA CÁLCULOS","Regla explícita: segunda mano = 0",FALSE,"Regla metodológica no anual",RULE,,1916
"Ropa y accesorios","Calentadores brazos",Alquilado,ud,0,,kgCO2e/ud,"FE_ CATEGORÍA MATERIALES Y PRODUCTOS_ROPA Y ACCESORIOS_REGISTRO PARA CÁLCULO_FACTORES DE EMISIÓN.xlsx","ROPA Y ACCESO_REG PARA CÁLCULOS","Regla explícita: alquilado = 0",FALSE,"Regla metodológica no anual",RULE,,1921
"Ropa y accesorios",Bolso,"Comprado de segunda mano",ud,0,,kgCO2e/ud,"FE_ CATEGORÍA MATERIALES Y PRODUCTOS_ROPA Y ACCESORIOS_REGISTRO PARA CÁLCULO_FACTORES DE EMISIÓN.xlsx","ROPA Y ACCESO_REG PARA CÁLCULOS","Regla explícita: segunda mano = 0",FALSE,"Regla metodológica no anual",RULE,,1931
"Ropa y accesorios",Bolso,Alquilado,ud,0,,kgCO2e/ud,"FE_ CATEGORÍA MATERIALES Y PRODUCTOS_ROPA Y ACCESORIOS_REGISTRO PARA CÁLCULO_FACTORES DE EMISIÓN.xlsx","ROPA Y ACCESO_REG PARA CÁLCULOS","Regla explícita: alquilado = 0",FALSE,"Regla metodológica no anual",RULE,,1936
"Ropa y accesorios","Cartera billetera","Comprado de segunda mano",ud,0,,kgCO2e/ud,"FE_ CATEGORÍA MATERIALES Y PRODUCTOS_ROPA Y ACCESORIOS_REGISTRO PARA CÁLCULO_FACTORES DE EMISIÓN.xlsx","ROPA Y ACCESO_REG PARA CÁLCULOS","Regla explícita: segunda mano = 0",FALSE,"Regla metodológica no anual",RULE,,1946
"Ropa y accesorios","Cartera billetera",Alquilado,ud,0,,kgCO2e/ud,"FE_ CATEGORÍA MATERIALES Y PRODUCTOS_ROPA Y ACCESORIOS_REGISTRO PARA CÁLCULO_FACTORES DE EMISIÓN.xlsx","ROPA Y ACCESO_REG PARA CÁLCULOS","Regla explícita: alquilado = 0",FALSE,"Regla metodológica no anual",RULE,,1951
"Ropa y accesorios",Pendientes,"Comprado de segunda mano",ud,0,,kgCO2e/ud,"FE_ CATEGORÍA MATERIALES Y PRODUCTOS_ROPA Y ACCESORIOS_REGISTRO PARA CÁLCULO_FACTORES DE EMISIÓN.xlsx","ROPA Y ACCESO_REG PARA CÁLCULOS","Regla explícita: segunda mano = 0",FALSE,"Regla metodológica no anual",RULE,,1961
"Ropa y accesorios",Pendientes,Alquilado,ud,0,,kgCO2e/ud,"FE_ CATEGORÍA MATERIALES Y PRODUCTOS_ROPA Y ACCESORIOS_REGISTRO PARA CÁLCULO_FACTORES DE EMISIÓN.xlsx","ROPA Y ACCESO_REG PARA CÁLCULOS","Regla explícita: alquilado = 0",FALSE,"Regla metodológica no anual",RULE,,1966
"Pilas, baterías","Pila/batería Alcalina",Reutilizado,kg,0,,kgCO2e/kg,"CATEGORÍA MATERIALES Y PRODUCTOS_PILAS Y BATERÍAS_REGISTRO PARA CÁLCULO_TABLAS_FACTORES DE EMISIÓN.xlsx","PILAS BATERÍAS_REG Y CÁLCULOS","Regla explícita: reutilizado = 0",FALSE,"Regla metodológica no anual",RULE,,1976
"Pilas, baterías","Pila/batería Alcalina",Alquilado,kg,0,,kgCO2e/kg,"CATEGORÍA MATERIALES Y PRODUCTOS_PILAS Y BATERÍAS_REGISTRO PARA CÁLCULO_TABLAS_FACTORES DE EMISIÓN.xlsx","PILAS BATERÍAS_REG Y CÁLCULOS","Regla explícita: alquilado = 0",FALSE,"Regla metodológica no anual",RULE,,1981
"Pilas, baterías","Pila/batería de Ion de litio",Reutilizado,kg,0,,kgCO2e/kg,"CATEGORÍA MATERIALES Y PRODUCTOS_PILAS Y BATERÍAS_REGISTRO PARA CÁLCULO_TABLAS_FACTORES DE EMISIÓN.xlsx","PILAS BATERÍAS_REG Y CÁLCULOS","Regla explícita: reutilizado = 0",FALSE,"Regla metodológica no anual",RULE,,1986
"Pilas, baterías","Pila/batería de Ion de litio",Alquilado,kg,0,,kgCO2e/kg,"CATEGORÍA MATERIALES Y PRODUCTOS_PILAS Y BATERÍAS_REGISTRO PARA CÁLCULO_TABLAS_FACTORES DE EMISIÓN.xlsx","PILAS BATERÍAS_REG Y CÁLCULOS","Regla explícita: alquilado = 0",FALSE,"Regla metodológica no anual",RULE,,1991
"Pilas, baterías","Batería NiMh",Reutilizado,kg,0,,kgCO2e/kg,"CATEGORÍA MATERIALES Y PRODUCTOS_PILAS Y BATERÍAS_REGISTRO PARA CÁLCULO_TABLAS_FACTORES DE EMISIÓN.xlsx","PILAS BATERÍAS_REG Y CÁLCULOS","Regla explícita: reutilizado = 0",FALSE,"Regla metodológica no anual",RULE,,1996
"Pilas, baterías","Batería NiMh",Alquilado,kg,0,,kgCO2e/kg,"CATEGORÍA MATERIALES Y PRODUCTOS_PILAS Y BATERÍAS_REGISTRO PARA CÁLCULO_TABLAS_FACTORES DE EMISIÓN.xlsx","PILAS BATERÍAS_REG Y CÁLCULOS","Regla explícita: alquilado = 0",FALSE,"Regla metodológica no anual",RULE,,2001
